{
    "train_rmse": 39788.43757304808,
    "train_r2": 0.7752930682838377,
    "test_rmse": 44352.53715239505,
    "test_r2": 0.7034252058031911
}